-- admin
INSERT INTO user VALUES(
    'admin',
    '21232f297a57a5a743894a0e4a801fc3',
    'admin'
);

-- dhruv
INSERT INTO user VALUES(
    'Dhruv',
    '1eba9614763773df08dd49049663c3e3',
    'student'
);

-- kushagra
INSERT INTO user VALUES(
    'Kushagra',
    '36199410dba544bb30590c3ec062fe8f',
    'student'
);

-- prashant
INSERT INTO user VALUES(
    'Prashant',
    'af948f0b6334c5d6e822c9bc8cf24034',
    'student'
);

-- vdpt
INSERT INTO user VALUES(
    'Vidipt',
    '1e385977d9d551b277565e3e19e5da06',
    'student'
);

-- amul
INSERT INTO user VALUES(
    'Amul',
    '3fa5f9ddcb0f4f26bd1e3fdeb66acb26',
    'student'
);

-- lug
INSERT INTO user VALUES(
    'Linux User''s Group',
    '9c07fa66f605b5c0e56339d4c9ac2045',
    'club'
);

-- vinno
INSERT INTO user VALUES(
    'VinnovateIT',
    '6821c25e33e0f98d9568e7cd9764a07c',
    'club'
);

-- acm
INSERT INTO user VALUES(
    'ACMVIT',
    '02b55e4f52388520bfe11f959f836e68',
    'chapter'
);

-- utt
INSERT INTO user VALUES(
    'Team Uttejit',
    'db68ed5b8a3f19eba78872457d2aa8f2',
    'team'
);

-- samm
INSERT INTO user VALUES(
    'Team Sammard',
    '76d6deb2417bd6dc7952790e87610f84',
    'team'
);

INSERT INTO student VALUES(
    'Dhruv',
    'Dhruv',
    'Chawla',
    '20BIT0056',
    19,
    2
);

INSERT INTO student VALUES(
    'Kushagra',
    'Kushagra',
    '',
    '20BIT0112',
    19,
    2
);

INSERT INTO student VALUES(
    'Prashant',
    'Prashant',
    'Raj',
    '20BIT0452',
    20,
    2
);

INSERT INTO student VALUES(
    'Vidipt',
    'Vidipt',
    'Khetriwal',
    '20BIT0106',
    19,
    2
);

INSERT INTO student VALUES(
    'Amul',
    'Amol',
    'Srivastava',
    '20BIT0091',
    20,
    2
);

INSERT INTO student_interest VALUES(
    'Dhruv',
    'Technical'
);

INSERT INTO student_interest VALUES(
    'Kushagra',
    'Technical, Management, Design'
);

INSERT INTO student_interest VALUES(
    'Prashant',
    ''
);

INSERT INTO student_interest VALUES(
    'Vidipt',
    'Technical, Management, Design'
);

INSERT INTO student_interest VALUES(
    'Amol',
    'Talking'
);

INSERT INTO club VALUES(
    'Linux User''s Group',
    'VIT Linux User''s Group',
    0,
    '#1',
    '',
    'linux go brr'
)